[
  {
    "id": "fhir.example",
    "type": "ImplementationGuide",
    "url": "http://example.org/ImplementationGuide/fhir.example",
    "version": "0.1.0",
    "name": "ExampleIG"
  },
  {
    "id": "hosxp-patient",
    "type": "StructureDefinition",
    "url": "http://example.org/StructureDefinition/hosxp-patient",
    "version": "0.1.0",
    "name": "HosxpPatient"
  },
  {
    "id": "phenotype",
    "type": "StructureDefinition",
    "url": "http://example.org/StructureDefinition/phenotype",
    "version": "0.1.0",
    "name": "Blood"
  },
  {
    "id": "relatedPeople",
    "type": "ValueSet",
    "url": "http://example.org/ValueSet/relatedPeople",
    "version": "0.1.0",
    "name": "Related"
  },
  {
    "id": "warfarin",
    "type": "ValueSet",
    "url": "http://example.org/ValueSet/warfarin",
    "version": "0.1.0",
    "name": "Warfar"
  }
]